id,uuid,image_url,description,place_guess,latitude,longitude,positional_accuracy,private_place_guess,private_latitude,private_longitude,public_positional_accuracy,geoprivacy,taxon_geoprivacy,coordinates_obscured,positioning_method,positioning_device,species_guess,scientific_name,common_name,iconic_taxon_name,taxon_id
3637073,a86ce503-bdb7-47fc-8285-0719faae9e8e,https://inaturalist-open-data.s3.amazonaws.com/photos/4204584/medium.JPG,Rainy days make the generation grow.,"Rawatbhata, Rajasthan 323305, India",24.9305954,75.5909259,1482,,,,1482,,,false,,,Nim,Azadirachta indica,Neem,Plantae,319135
25105539,39edf889-69a7-4005-93d3-5061dbd1faf2,https://inaturalist-open-data.s3.amazonaws.com/photos/38856088/medium.jpg,,"Pratap Nagar, Bhilwara, Rajasthan, IN",25.33772,74.6205666667,5,,,,5,,open,false,,,Nim,Azadirachta indica,Neem,Plantae,319135
27190744,1a772670-5ac1-44b3-9b25-a005d7281eef,https://inaturalist-open-data.s3.amazonaws.com/photos/42280719/medium.jpg,,"Kanwar Nagar, Jaipur, Rajasthan, IN",26.9286901038,75.8241374419,5,,,,5,,open,false,,,Nim,Azadirachta indica,Neem,Plantae,319135
31277002,b39ce7f1-13ef-4273-b831-5fdb57dab264,https://inaturalist-open-data.s3.amazonaws.com/photos/48939032/medium.jpg,,"Sajjan Nagar, Udaipur, Rajasthan, IN",24.5341301104,73.6732377392,5,,,,5,,open,false,,,Nim,Azadirachta indica,Neem,Plantae,319135
34443408,299d8fe6-7361-4edb-a988-75a07f973a7d,https://inaturalist-open-data.s3.amazonaws.com/photos/54210132/medium.jpg,,"Rajasthan, IN",24.1476021936,74.3471879578,5,,,,30112,obscured,,true,,,Nim,Azadirachta indica,Neem,Plantae,319135
34727245,4fa3b0a7-272a-491b-845e-65f036e6fe67,https://static.inaturalist.org/photos/54690145/medium.jpeg,,"2, Marudhar Vihar, Khatipura, Jaipur, Rajasthan 302012, India",26.9270191193,75.7577819824,,,,,,,,false,gps,gps,Nim,Azadirachta indica,Neem,Plantae,319135
57198148,2c663963-5cdb-4660-ad2b-bf46d769de7c,https://static.inaturalist.org/photos/91216497/medium.jpg,,"Sardul Colony, Bikaner, RJ, IN",28.0201975862,73.3282529377,50,,,,50,,,false,,,Neem,Azadirachta indica,Neem,Plantae,319135
60729334,241ac4f1-a17a-4137-8ce3-75aaef965a34,https://inaturalist-open-data.s3.amazonaws.com/photos/97122019/medium.jpeg,,"Sawai Madhopur, Rajasthan, India",26.012373,76.3560109,9147,,,,9147,,,false,,,Neem,Azadirachta indica,Neem,Plantae,319135
79261581,addb9ea8-a9ad-4d4f-b1f4-db282b2ec98e,https://inaturalist-open-data.s3.amazonaws.com/photos/129810757/medium.jpeg,,Devliya,26.2999992371,73.1999969482,90,,,,90,,open,false,,,Neem,Azadirachta indica,Neem,Plantae,319135
85586107,e06f1d4f-75dd-429c-a014-87316318c974,https://inaturalist-open-data.s3.amazonaws.com/photos/140843710/medium.jpg,"","Jalor, IN-RJ, IN",24.780325,71.6440966667,4,,,,4,,,false,,,Neem,Azadirachta indica,Neem,Plantae,319135
91813531,18f1ebc3-5e30-4d10-a3b9-22a1b835d85b,https://static.inaturalist.org/photos/151931403/medium.jpeg,,"Plot 6-7 RIICO Industrial Area Kant Kalwar, Jaipur Delhi Highway, Kant, Rajasthan 303002, India",27.1683909722,75.954447,,,,,,,open,false,gps,gps,Neem,Azadirachta indica,Neem,Plantae,319135
97526178,50d1d830-7f36-4af1-92c2-79a0609a15e0,https://static.inaturalist.org/photos/162212156/medium.jpeg,Girth~13 cm,"Lala445 HBU Etn, Haribhau Upadhyay Nagar Extension, Ajmer, Rajasthan 305004, India",26.4823479345,74.6031381469,10,,,,10,,open,false,,,Neem,Azadirachta indica,Neem,Plantae,319135
97526587,b3cda28d-6372-4737-b197-29721339a2ae,https://static.inaturalist.org/photos/162212948/medium.jpeg,"Girth~ 17 cm
Soil: humus and litter rich","Lala445 HBU Etn, Haribhau Upadhyay Nagar Extension, Ajmer, Rajasthan 305004, India",26.4824993117,74.6029664855,8,,,,8,,open,false,,,Neem,Azadirachta indica,Neem,Plantae,319135
98368064,5c8befe6-aac8-42a5-a796-382f7692dab8,https://static.inaturalist.org/photos/163759866/medium.jpeg,,"Lala445 HBU Etn, Haribhau Upadhyay Nagar Extension, Ajmer, Rajasthan 305004, India",26.4821086731,74.6029436029,9,,,,9,,open,false,,,Neem,Azadirachta indica,Neem,Plantae,319135
98368139,8bd9a37a-4e00-4642-af69-b5b81016d46b,https://static.inaturalist.org/photos/163760007/medium.jpeg,,"Lala445 HBU Etn, Haribhau Upadhyay Nagar Extension, Ajmer, Rajasthan 305004, India",26.4821844455,74.602881493,10,,,,10,,open,false,,,Neem,Azadirachta indica,Neem,Plantae,319135
98368347,0fac2cbf-fd43-4706-878e-1097b678e385,https://static.inaturalist.org/photos/163760474/medium.jpeg,,"Lala445 HBU Etn, Haribhau Upadhyay Nagar Extension, Ajmer, Rajasthan 305004, India",26.482156408,74.6028200537,8,,,,8,,open,false,,,Neem,Azadirachta indica,Neem,Plantae,319135
98368390,4efb2756-2417-4fa4-893f-2f6ff0988487,https://static.inaturalist.org/photos/163760522/medium.jpeg,,"Lala445 HBU Etn, Haribhau Upadhyay Nagar Extension, Ajmer, Rajasthan 305004, India",26.4821334416,74.6027965844,8,,,,8,,open,false,,,Neem,Azadirachta indica,Neem,Plantae,319135
98368489,2d21edaf-66e7-454a-8545-df6fe47098a2,https://static.inaturalist.org/photos/163760733/medium.jpeg,,"Lala445 HBU Etn, Haribhau Upadhyay Nagar Extension, Ajmer, Rajasthan 305004, India",26.4821525943,74.6028187964,8,,,,8,,open,false,,,Neem,Azadirachta indica,Neem,Plantae,319135
98369929,6cc1ea84-f006-4c04-a83e-ca5a98df5979,https://static.inaturalist.org/photos/163763512/medium.jpeg,,"639, Kotra, Ajmer, Rajasthan 305004, India",26.4819820644,74.6029101592,7,,,,7,,open,false,,,Neem,Azadirachta indica,Neem,Plantae,319135
98370084,10ec5291-a612-4df5-8c43-5c0c89f211ce,https://static.inaturalist.org/photos/163763831/medium.jpeg,,"Lala445 HBU Etn, Haribhau Upadhyay Nagar Extension, Ajmer, Rajasthan 305004, India",26.4820241835,74.6029875241,9,,,,9,,open,false,,,Neem,Azadirachta indica,Neem,Plantae,319135
98370125,8b31bf5f-6c85-4b75-904a-3d59c4bdba53,https://static.inaturalist.org/photos/163763902/medium.jpeg,,"Lala445 HBU Etn, Haribhau Upadhyay Nagar Extension, Ajmer, Rajasthan 305004, India",26.4820142929,74.6030641347,7,,,,7,,open,false,,,Neem,Azadirachta indica,Neem,Plantae,319135
98455156,d01e892b-7380-4895-b5fb-59d7426601ae,https://static.inaturalist.org/photos/163923318/medium.jpeg,,"640, Kotra, Ajmer, Rajasthan 305004, India",26.4819542365,74.602749059,10,,,,10,,open,false,,,Neem,Azadirachta indica,Neem,Plantae,319135
98455193,d4fb5e1a-3035-4ead-9de2-8646bc4d8d3c,https://static.inaturalist.org/photos/163923415/medium.jpeg,,"640, Kotra, Ajmer, Rajasthan 305004, India",26.4819828188,74.6027415153,6,,,,6,,open,false,,,Neem,Azadirachta indica,Neem,Plantae,319135
98455219,77622bdb-4347-440c-bd0a-afa9751efdc7,https://static.inaturalist.org/photos/163923472/medium.jpeg,,"640, Kotra, Ajmer, Rajasthan 305004, India",26.4819300128,74.6027426049,8,,,,8,,open,false,,,Neem,Azadirachta indica,Neem,Plantae,319135
98457736,c047110c-b757-494f-847a-f1e9861eed32,https://static.inaturalist.org/photos/163929188/medium.jpeg,,"Lala445 HBU Etn, Haribhau Upadhyay Nagar Extension, Ajmer, Rajasthan 305004, India",26.4822892612,74.6027965844,8,,,,8,,open,false,,,Neem,Azadirachta indica,Neem,Plantae,319135
98457951,30d59311-2902-42b4-ad07-bb6d495c6c1a,https://static.inaturalist.org/photos/163929643/medium.jpeg,,"Lala445 HBU Etn, Haribhau Upadhyay Nagar Extension, Ajmer, Rajasthan 305004, India",26.4824123494,74.602750903,8,,,,8,,open,false,,,Neem,Azadirachta indica,Neem,Plantae,319135
98458432,179b7994-8c4b-4988-acdf-0bd26618c431,https://static.inaturalist.org/photos/163930292/medium.jpeg,,"Lala445 HBU Etn, Haribhau Upadhyay Nagar Extension, Ajmer, Rajasthan 305004, India",26.4823004929,74.6028425172,10,,,,10,,open,false,,,Neem,Azadirachta indica,Neem,Plantae,319135
98463143,2a8c6f61-3d91-45e1-b1a6-70641102309a,https://static.inaturalist.org/photos/163940123/medium.jpeg,,"Lala445 HBU Etn, Haribhau Upadhyay Nagar Extension, Ajmer, Rajasthan 305004, India",26.4822988585,74.6026432794,8,,,,8,,open,false,,,Neem,Azadirachta indica,Neem,Plantae,319135
98463241,7fa8fb79-85e4-4377-9cbc-619c254a6f27,https://static.inaturalist.org/photos/163940303/medium.jpeg,,"Lala445 HBU Etn, Haribhau Upadhyay Nagar Extension, Ajmer, Rajasthan 305004, India",26.4823452523,74.6026016213,7,,,,7,,open,false,,,Neem,Azadirachta indica,Neem,Plantae,319135
98463476,54e0c517-205d-4051-85ed-6c2eff3c05c9,https://static.inaturalist.org/photos/163940822/medium.jpeg,,"Lala445 HBU Etn, Haribhau Upadhyay Nagar Extension, Ajmer, Rajasthan 305004, India",26.4825885789,74.6026084106,7,,,,7,,open,false,,,Neem,Azadirachta indica,Neem,Plantae,319135
98463530,58fe12fe-1e93-459a-9cf6-e00433c6be49,https://static.inaturalist.org/photos/163940944/medium.jpeg,,"Lala445 HBU Etn, Haribhau Upadhyay Nagar Extension, Ajmer, Rajasthan 305004, India",26.4826243697,74.6027005278,7,,,,7,,open,false,,,Neem,Azadirachta indica,Neem,Plantae,319135
98464161,09280add-79de-4e84-bf70-a223466a3f44,https://static.inaturalist.org/photos/163942154/medium.jpeg,,"Lala445 HBU Etn, Haribhau Upadhyay Nagar Extension, Ajmer, Rajasthan 305004, India",26.4826259622,74.602738414,9,,,,9,,open,false,,,Neem,Azadirachta indica,Neem,Plantae,319135
98464481,a6f2fb8b-7aaa-44bb-b764-1015aa8869e5,https://static.inaturalist.org/photos/163942670/medium.jpeg,,"Lala445 HBU Etn, Haribhau Upadhyay Nagar Extension, Ajmer, Rajasthan 305004, India",26.4825826278,74.6025731228,8,,,,8,,open,false,,,Neem,Azadirachta indica,Neem,Plantae,319135
98464712,60022353-9b03-4a15-abdc-d4b61282cbc3,https://static.inaturalist.org/photos/163943110/medium.jpeg,,"Lala445 HBU Etn, Haribhau Upadhyay Nagar Extension, Ajmer, Rajasthan 305004, India",26.4825333003,74.602541104,9,,,,9,,open,false,,,Neem,Azadirachta indica,Neem,Plantae,319135
98464807,e18b8782-3752-4538-86f9-7770cafe790a,https://static.inaturalist.org/photos/163943432/medium.jpeg,,"Haribhau Upadhyay Nagar Extension, Ajmer, Rajasthan 305004, India",26.4825703902,74.6025070734,9,,,,9,,open,false,,,Neem,Azadirachta indica,Neem,Plantae,319135
98465195,19aa4995-5c9c-471b-8bdd-8da1e6b56dcb,https://static.inaturalist.org/photos/163944340/medium.jpeg,,"Lala445 HBU Etn, Haribhau Upadhyay Nagar Extension, Ajmer, Rajasthan 305004, India",26.4822817175,74.6023454703,14,,,,14,,open,false,,,Neem,Azadirachta indica,Neem,Plantae,319135
98466412,f04b11cd-392a-4f43-a433-0ac5aae49d40,https://static.inaturalist.org/photos/163946857/medium.jpeg,,"Haribhau Upadhyay Nagar Extension, Ajmer, Rajasthan 305004, India",26.4824245451,74.6023344062,9,,,,9,,open,false,,,Neem,Azadirachta indica,Neem,Plantae,319135
98466496,e1318c67-1038-49c0-8011-74ea400abef0,https://static.inaturalist.org/photos/163946908/medium.jpeg,,"Haribhau Upadhyay Nagar Extension, Ajmer, Rajasthan 305004, India",26.4825309534,74.6022535209,8,,,,8,,open,false,,,Neem,Azadirachta indica,Neem,Plantae,319135
98466543,fbec5d4a-fd6f-44be-afbe-e52d9ae5ca10,https://static.inaturalist.org/photos/163947034/medium.jpeg,,"Haribhau Upadhyay Nagar Extension, Ajmer, Rajasthan 305004, India",26.4824611321,74.6021973621,14,,,,14,,open,false,,,Neem,Azadirachta indica,Neem,Plantae,319135
98466918,53575543-8a51-41b0-93dd-bb09f7e07e9f,https://static.inaturalist.org/photos/163947893/medium.jpeg,,"Arora Cottage B-354 HBU Nagar Extension, Haribhau Upadhyay Nagar Extension, Ajmer, Rajasthan 305004, India",26.4829891,74.6012014,87,,,,87,,open,false,,,Neem,Azadirachta indica,Neem,Plantae,319135
98466974,f9f2f2c0-30d2-437e-bea6-688523e22bca,https://static.inaturalist.org/photos/163947949/medium.jpeg,,"443, Kotra, Ajmer, Rajasthan 305004, India",26.4823775226,74.601894943,8,,,,8,,open,false,,,Neem,Azadirachta indica,Neem,Plantae,319135
98467416,d4063726-5a1e-4ef3-856c-3b1b3cdef439,https://static.inaturalist.org/photos/163948785/medium.jpeg,,"443, Kotra, Ajmer, Rajasthan 305004, India",26.4823798276,74.6018806938,7,,,,7,,open,false,,,Neem,Azadirachta indica,Neem,Plantae,319135
98480070,375aa056-2524-4403-80d2-97bb6821f9cb,https://static.inaturalist.org/photos/163971332/medium.jpeg,,"FJJ2+QWF, Haribhau Upadhyay Nagar Extension, Ajmer, Rajasthan 305004, India",26.4818635024,74.6024640743,10,,,,10,,open,false,,,Neem,Azadirachta indica,Neem,Plantae,319135
98480218,31a95d61-b338-4e97-9d8e-956bd8a98053,https://static.inaturalist.org/photos/163971579/medium.jpeg,,"640, Kotra, Ajmer, Rajasthan 305004, India",26.4817442279,74.6026732866,8,,,,8,,open,false,,,Neem,Azadirachta indica,Neem,Plantae,319135
98480297,b79132f0-34a4-48b6-bdf4-f5574737fbff,https://static.inaturalist.org/photos/163971711/medium.jpeg,,"640, Kotra, Ajmer, Rajasthan 305004, India",26.4817096945,74.6028384939,8,,,,8,,open,false,,,Neem,Azadirachta indica,Neem,Plantae,319135
98480464,3ec9bccf-5e10-4d66-9d58-81a153000d8b,https://static.inaturalist.org/photos/163972027/medium.jpeg,,"643, Kotra, Ajmer, Rajasthan 305004, India",26.481633503,74.602764314,9,,,,9,,open,false,,,Neem,Azadirachta indica,Neem,Plantae,319135
98480588,48dd24cb-a6be-492e-a14e-7775e784b0c4,https://static.inaturalist.org/photos/163972341/medium.jpeg,,"643, Kotra, Ajmer, Rajasthan 305004, India",26.4816000592,74.6025820076,9,,,,9,,open,false,,,Neem,Azadirachta indica,Neem,Plantae,319135
98480668,6b2a9adb-eb6a-42c2-a74e-d7e436aa3514,https://static.inaturalist.org/photos/163972538/medium.jpeg,,"FJJ3+F2C, Haribhau Upadhyay Nagar Extension, Ajmer, Rajasthan 305004, India",26.4814939024,74.6026066504,8,,,,8,,open,false,,,Neem,Azadirachta indica,Neem,Plantae,319135
98481007,005ec816-8899-4e34-98e4-be1c2f7bbe11,https://static.inaturalist.org/photos/163973069/medium.jpeg,,"646, Kotra, Ajmer, Rajasthan 305004, India",26.4814519091,74.6026354004,8,,,,8,,open,false,,,Neem,Azadirachta indica,Neem,Plantae,319135
98481060,123717b7-95dd-49ea-9a5f-07d868ed4cda,https://static.inaturalist.org/photos/163973192/medium.jpeg,,"FJJ3+F2C, Haribhau Upadhyay Nagar Extension, Ajmer, Rajasthan 305004, India",26.4813405555,74.6025275253,8,,,,8,,open,false,,,Neem,Azadirachta indica,Neem,Plantae,319135
103932585,4b81a46f-8089-48e2-ad4d-9c9f91d1a894,https://inaturalist-open-data.s3.amazonaws.com/photos/174076699/medium.jpeg,,"Sawar, Rajasthan, India",25.2393858333,75.8339669444,,,,,,,open,false,gps,gps,Neem,Azadirachta indica,Neem,Plantae,319135
105766107,f062c741-270c-47eb-9e47-75633a0cb397,https://inaturalist-open-data.s3.amazonaws.com/photos/177535805/medium.jpeg,,"Isarda, Sitarapura, Isarda, Rajasthan 322703, India",26.1692358333,76.031415,,,,,,,open,false,gps,gps,Neem,Azadirachta indica,Neem,Plantae,319135
106013740,c63753ce-e23b-469c-ba0f-94c88fd11088,https://inaturalist-open-data.s3.amazonaws.com/photos/178006584/medium.jpg,"","Sawai Madhopur, Sawai Madhopur, RJ, IN",26.0238228698,76.3890895397,4,,,,4,,open,false,,,Neem,Azadirachta indica,Neem,Plantae,319135
107892860,3d064e76-78b6-42ac-b395-fddd9bb38639,https://static.inaturalist.org/photos/181548513/medium.jpeg,,"Amer, Jaipur, Rajasthan, India",26.9561178144,75.8499354856,750,,,,750,,open,false,,,Azadirachta indica,Azadirachta indica,Neem,Plantae,319135
107998562,5bec3352-9563-43ca-90f4-196982b535ac,https://static.inaturalist.org/photos/181741309/medium.jpeg,,"Naya Bazar, Naya Bazaar, Ajmer, Rajasthan 305001, India",26.4607534,74.6335471,74,,,,74,,open,false,,,Neem,Azadirachta indica,Neem,Plantae,319135
110280830,d5422bf0-f38d-4a03-a493-2489fa483312,https://inaturalist-open-data.s3.amazonaws.com/photos/186009894/medium.jpeg,,Vinayakpura,26.4827613831,73.1112670898,262,,,,262,,open,false,,,Neem,Azadirachta indica,Neem,Plantae,319135
111622686,212ce888-f703-407f-8d66-9c04065dbe45,https://inaturalist-open-data.s3.amazonaws.com/photos/188458569/medium.jpeg,,"6RMV+CQP, Sheenta, Rajasthan 323602, India",25.2312222222,75.8430022222,,,,,,,open,false,gps,gps,Neem,Azadirachta indica,Neem,Plantae,319135
112252234,1ab75364-2607-40b1-9659-7d4cdc428c55,https://inaturalist-open-data.s3.amazonaws.com/photos/189598458/medium.jpeg,,"6RGM+59X, Girdharpura, Rajasthan 324008, India",25.2256105556,75.8339669444,,,,,,,open,false,gps,gps,Neem,Azadirachta indica,Neem,Plantae,319135
114143926,cab72580-0ec0-40e8-97a5-65cd5506ca13,https://inaturalist-open-data.s3.amazonaws.com/photos/192781803/medium.jpg,Durlabhji Hospital PipalNeem (!!_ Azadirachta indica and Ficus religiosa) :I couldn't help but landmark a tree at Jaipur's excellent Durlabhji hospital while my brother recovered from a severe fever,"Jaipur, Rajasthan, India",26.893118,75.812866,,,,,,,,false,,,Sacred fig,Ficus religiosa,Sacred fig,Plantae,127514
114143938,9d044634-5638-42be-b0a7-be1916a584ce,https://inaturalist-open-data.s3.amazonaws.com/photos/192782038/medium.jpg,"Station Road Resprout Neem (Azadirachta indica) :A small neem tree, cut and resprouted, on a main road in Jaipur","Jaipur, Rajasthan, India",26.921208,75.796388,,,,,,,open,false,,,Neem,Azadirachta indica,Neem,Plantae,319135
114143941,ab2abdde-2597-475d-a751-e2eb55a4163d,https://inaturalist-open-data.s3.amazonaws.com/photos/192782121/medium.jpg,"Ajmer Neem at Akbar's Mosque (Azadirachta indica) :Ajmer is the location of the Dargah for the perpetually popular Sufi saint Muinuddin Chisti, around which Akbar the Great built an elaborate mosque where you can find this tree at the gate","Ajmer, Rajasthan, India",26.456911,74.628268,,,,,,,open,false,,,Neem,Azadirachta indica,Neem,Plantae,319135
114143968,2c3c57f2-5c3e-4d12-a566-aacc0812de0e,https://inaturalist-open-data.s3.amazonaws.com/photos/192782323/medium.jpg,"Chetak Circle Postbox Neem (Azadirachta indica) :Chetak Circle is named for a famous warhorse, and here is a neem tree being used as a postbox.","Udaipur, Rajasthan, India",24.590527,73.689925,,,,,,,open,false,,,Neem,Azadirachta indica,Neem,Plantae,319135
114143973,fffb2eac-c845-45ba-baa6-dafb56f017b3,https://inaturalist-open-data.s3.amazonaws.com/photos/192782360/medium.jpg,"Udai Singh's White Pavilion Tree  (Azadirachta indica) :At Udai Singh's lovely City Palace, a set of white pavilions in a courtyard is graced by a neem tree","Udaipur, Rajasthan, India",24.575689,73.683518,,,,,,,open,false,,,Neem,Azadirachta indica,Neem,Plantae,319135
124832010,07b53037-8acb-43f0-9a90-946a309d61fb,https://inaturalist-open-data.s3.amazonaws.com/photos/211635450/medium.jpeg,,"21-22, Sector 26, NRI Colony, Pratap Nagar, Jaipur, Rajasthan 302033, India",26.8136777778,75.8428166667,,,,,,,open,false,gps,gps,Neem,Azadirachta indica,Neem,Plantae,319135
134825415,3f738381-dc23-46c9-b050-b9ab025437e0,https://inaturalist-open-data.s3.amazonaws.com/photos/229878648/medium.jpeg,,"8238+H43, Kabir Nagar, Jodhpur, Rajasthan 342001, India",26.30353635,73.01662343,11,,,,11,,open,false,,,Neem,Azadirachta indica,Neem,Plantae,319135
153138862,e4162320-4254-4755-b0c6-0bbfc6d50871,https://inaturalist-open-data.s3.amazonaws.com/photos/264458457/medium.jpeg,,"Thermal Main Road, Sakatpura, opposite B1 Marriage Holl, Kota Thermal Power Station Colony, Electricity Board Area, Kota, Rajasthan 324008, India",25.1852627778,75.8242008333,,,,,,,open,false,gps,gps,Neem,Azadirachta indica,Neem,Plantae,319135
156991314,5e9be29e-40f2-47d5-8b98-c70537903743,https://inaturalist-open-data.s3.amazonaws.com/photos/271508405/medium.jpeg,Fruiting season ,"C37/38, Thermal Colony Kota, Sakatpura, Electricity Board Area, Kota, Rajasthan 325204, India",25.1849180556,75.8249986111,,,,,,,open,false,gps,gps,Neem,Azadirachta indica,Neem,Plantae,319135
157985916,0b75605f-82b6-4ac9-a3e6-ca39c208ba09,https://inaturalist-open-data.s3.amazonaws.com/photos/273095569/medium.jpeg,,"Shop Number- 3, Thermal Colony Main Road, Opposite 3 Number Gate, Sakatpura, Kota Thermal Power Station Colony, Electricity Board Area, Kota, Rajasthan 324008, India",25.1860663889,75.824835,,,,,,,open,false,gps,gps,Neem,Azadirachta indica,Neem,Plantae,319135
166517528,91618f29-fa23-4b1e-b0b7-1967c9fc9d41,https://inaturalist-open-data.s3.amazonaws.com/photos/288367924/medium.jpeg,,"G9-city center mall, near railway station, Indra Colony, Sawai Madhopur, Rajasthan 322001, India",26.0172108333,76.3546177778,,,,,,,open,false,gps,gps,Neem,Azadirachta indica,Neem,Plantae,319135
166517585,710a1410-3a07-45d5-8697-2ad9ba634233,https://inaturalist-open-data.s3.amazonaws.com/photos/288368005/medium.jpeg,,"2994+38J, Indra Colony, Sawai Madhopur, Rajasthan 322001, India",26.0172891667,76.3553533333,,,,,,,open,false,gps,gps,Neem,Azadirachta indica,Neem,Plantae,319135
166722679,6e1ba249-9d2b-4762-8b09-3122f37f65a0,https://inaturalist-open-data.s3.amazonaws.com/photos/288740964/medium.jpeg,,"1, Mahavir Nagar, Nalanda Vihar, Durgapura, Jaipur, Rajasthan 302018, India",26.8538161111,75.7860083333,,,,,,,open,false,gps,gps,Neem,Azadirachta indica,Neem,Plantae,319135
166722856,b74142b5-a2cd-4c14-8803-9d2a06916ce1,https://inaturalist-open-data.s3.amazonaws.com/photos/288741268/medium.jpeg,,"Banasthali Niwai, Maharajpura, Rajasthan 304021, India",26.3840833333,75.9357169444,,,,,,,open,false,gps,gps,Neem,Azadirachta indica,Neem,Plantae,319135
170960648,86d44794-2f12-40a8-8ae8-8bdf150cc473,https://inaturalist-open-data.s3.amazonaws.com/photos/296601049/medium.jpeg,,"VRPF+W33, Rajasthan University Campus, Talvandi, Jaipur, Rajasthan 302004, India",26.8871393563,75.8225864545,122,,,,122,,open,false,gps,gps,Neem,Azadirachta indica,Neem,Plantae,319135
171994553,2db9abb2-9b29-4759-884c-b92c337505c8,https://inaturalist-open-data.s3.amazonaws.com/photos/298515115/medium.jpeg,Flowering ,"RRR3+H3M, Sector 8, Malviya Nagar, Jaipur, Rajasthan 302017, India",26.8411194444,75.8023675,,,,,,,open,false,gps,gps,Azadirachta indica,Azadirachta indica,Neem,Plantae,319135
172128898,367ad8e1-fa56-42b0-a04a-e5dbf7a16f5d,https://static.inaturalist.org/photos/298769881/medium.jpeg,"Neem (Azadirachta indica) is a tree that grows in tropical regions such as India. The leaf extract is used to reduce tooth plaque and to treat lice.

Neem contains chemicals that might help reduce blood sugar levels, heal ulcers in the digestive tract, prevent pregnancy, kill bacteria, and prevent plaque from forming in the mouth.","R7WH+8RF, Myala, Rajasthan 314022, India",23.8453582572,74.2797355726,993,,,,993,,open,false,gps,gps,Neem,Azadirachta indica,Neem,Plantae,319135
174431587,ad84b587-1d61-4bdd-b2d3-59e66deafce7,https://inaturalist-open-data.s3.amazonaws.com/photos/303038255/medium.jpeg,,"5864+8V9, Anta, Rajasthan 325202, India",25.1608822222,76.3071775,,,,,,,open,false,gps,gps,Neem,Azadirachta indica,Neem,Plantae,319135
180436679,07d33caa-f570-447a-a64a-3dae69117487,https://inaturalist-open-data.s3.amazonaws.com/photos/314306299/medium.jpeg,"Flowering
#Unseasonal flowering #climatechange","WRGG+F8F, Gangori Bazaar, J.D.A. Market, Kanwar Nagar, Jaipur, Rajasthan 302002, India",26.9261058333,75.8256983333,,,,,,,open,false,gps,gps,Neem,Azadirachta indica,Neem,Plantae,319135
183314480,65e72215-6836-4a01-a71f-5e8f07fc2fc1,https://inaturalist-open-data.s3.amazonaws.com/photos/319794539/medium.jpeg,"","J2HQ+C3Q, Central University of Rajasthan, Bandar Seendri, Rajasthan 305816, India",26.6283655073,75.0375658181,9,,,,9,,open,false,,,Neem,Azadirachta indica,Neem,Plantae,319135
183829269,151c1d17-6540-4d5c-8bde-baee0d550de1,https://inaturalist-open-data.s3.amazonaws.com/photos/320773556/medium.jpeg,,"cental university of rajasthan, J2FH+RM9, Bandar Seendri, Rajasthan 305816, India",26.6244382923,75.0292059593,10,,,,10,,open,false,,,Neem,Azadirachta indica,Neem,Plantae,319135
183868525,e9ff32c9-07a8-4cbf-9f39-64a8db672ef6,https://static.inaturalist.org/photos/320848017/medium.jpeg,,"8, Raj Vihar Colony, Deshera Medaan, Alanpur, Sawai Madhopur, Rajasthan 322021, India",26.0086501,76.3570739,,,,,,,open,false,gps,gps,Neem,Azadirachta indica,Neem,Plantae,319135
185260184,a78d171f-0828-4b4e-99dd-b6a32f32ff22,https://inaturalist-open-data.s3.amazonaws.com/photos/323525774/medium.jpg,"","Ranthambore, Sawai Madhopur, Rajasthan, India",26.0468733333,76.3955566667,,,,,,,open,false,,,Neem,Azadirachta indica,Neem,Plantae,319135
186143093,8e658e9d-33ef-4433-b3e8-84f8f268556a,https://static.inaturalist.org/photos/325234905/medium.jpeg,,Kota,25.2138066722,75.8647527918,7228,,,,7228,,open,false,gps,gps,Neem,Azadirachta indica,Neem,Plantae,319135
186234501,972fc4f5-8009-4293-98a7-1e619eca81cc,https://inaturalist-open-data.s3.amazonaws.com/photos/325414588/medium.jpeg,"","Central University of Rajasthan, Bandar Sindari, Ajmer, IN-RJ, IN",26.631243811,75.0286917295,2,,,,2,,open,false,,,Azadirachta indica,Azadirachta indica,Neem,Plantae,319135
188633573,7c739b20-dad0-45a5-bf90-882a30baf852,https://inaturalist-open-data.s3.amazonaws.com/photos/330211671/medium.jpeg,"","Central University of Rajasthan, Bandar Seendri, Kishangarh, Rajasthan 305816, India",26.622539,75.024202,7,,,,7,,open,false,,,Neem,Azadirachta indica,Neem,Plantae,319135
190194714,6f195322-4732-4c48-b7b0-85712aaeb659,https://inaturalist-open-data.s3.amazonaws.com/photos/333347188/medium.jpeg,,"Bandar Seendri, Rajasthan, India",26.6237491742,75.024617454,12,,,,12,,open,false,,,Neem,Azadirachta indica,Neem,Plantae,319135
192709594,f73ad2c8-d688-424a-9e24-08cbe509d3df,https://static.inaturalist.org/photos/338362101/medium.jpeg,,"J2J9+5Q Herbal farm CURAJ., Bandar Seendri, Rajasthan 305816, India",26.6313216667,75.0193416667,8,,,,8,,open,false,,,Neem,Azadirachta indica,Neem,Plantae,319135
194801572,d0d9bdc3-47f0-403e-8afe-7aed6a43fe8a,https://static.inaturalist.org/photos/342522145/medium.jpeg,,"gram hallonda Tahsil Jila, W9CF+4JX, Kushalipura, Rajasthan 322001, India",25.9206011,76.3747619,2400,,,,2400,,open,false,,,Neem,Azadirachta indica,Neem,Plantae,319135
194802770,c301315b-ec83-42b7-8707-e58699bba510,https://inaturalist-open-data.s3.amazonaws.com/photos/342524312/medium.jpeg,,"Rughnathpura, Rajasthan, India",24.9983833333,73.1453388889,,,,,,,open,false,gps,gps,Neem,Azadirachta indica,Neem,Plantae,319135
200627561,906cda5b-beda-40e7-9368-dce8be36a52d,https://inaturalist-open-data.s3.amazonaws.com/photos/354000879/medium.jpg,,"Naiduli, Rajasthan 301410, India",27.242775,76.3886316667,,,,,,,open,false,,,Neem,Azadirachta indica,Neem,Plantae,319135
202648111,ccef309b-16ef-49e6-a8ee-060578c483a7,https://inaturalist-open-data.s3.amazonaws.com/photos/357929668/medium.jpeg,,"Central University of Rajasthan, Bandar Seendri, Ajmer, Rajasthan, IndiaCentral University of Rajasthan, Bandar Seendri, Ajmer, Rajasthan, India",26.6291513538,75.0344531983,8,,,,8,,open,false,gps,gps,Neem,Azadirachta indica,Neem,Plantae,319135
205324870,166e1e8c-674c-45b6-ad7b-65bb032cb16f,https://inaturalist-open-data.s3.amazonaws.com/photos/363040472/medium.jpeg,,"STP Road, Central University of Rajasthan, Ajmer, Rajasthan, India",26.6227861896,75.0347076729,5,,,,5,,open,false,gps,gps,Neem,Azadirachta indica,Neem,Plantae,319135
206240406,6793e6e3-decb-49a0-94ca-9cd37ef6ce91,https://inaturalist-open-data.s3.amazonaws.com/photos/364756607/medium.jpg,"","Jodhpur, Jodhpur, RJ, IN",26.3009033333,73.0189583333,7,,,,7,,open,false,,,Neem,Azadirachta indica,Neem,Plantae,319135
209366526,f342bb14-e20d-4214-9088-68fab84dbb60,https://inaturalist-open-data.s3.amazonaws.com/photos/370511858/medium.jpeg,,"Mehrana, Rajasthan, India",25.2344025,75.8392788889,,,,,,,open,false,gps,gps,Neem,Azadirachta indica,Neem,Plantae,319135
209383183,9477bddf-bf30-4c41-8dcf-b9a069a1d418,https://static.inaturalist.org/photos/370542377/medium.jpeg,,"8238+X94, Cigodi Ki Bari, Near Mahadev Amarnath Temple, Chandpol, Jodhpur, Rajasthan 342010, India",26.304993961,73.0165167153,374,,,,374,,open,false,gps,gps,Neem,Azadirachta indica,Neem,Plantae,319135
209393505,0860509d-8df4-41fa-8d80-1faa6f274aac,https://inaturalist-open-data.s3.amazonaws.com/photos/370560308/medium.jpeg,,"6RCP+XRG, Kota, Rajasthan 324008, India",25.2218861111,75.8375066667,,,,,,,open,false,gps,gps,Neem,Azadirachta indica,Neem,Plantae,319135
209394311,d206876d-0495-4828-8917-f9615a9f4341,https://inaturalist-open-data.s3.amazonaws.com/photos/370561830/medium.jpeg,,"4G26+GQ7 Nhargd rajestan, Sadar Bazar, Baran, Rajasthan 325205, India",25.101286645,76.5119319409,2978,,,,2978,,open,false,gps,gps,Neem,Azadirachta indica,Neem,Plantae,319135
209396165,23574445-914b-46c7-b011-c38c1404a847,https://inaturalist-open-data.s3.amazonaws.com/photos/370564883/medium.jpeg,,"Rush farm's Rush 🏡 no 77, Kota, Girdharpura, Rajasthan 324008, India",25.2277716667,75.8335075,,,,,,,open,false,gps,gps,Neem,Azadirachta indica,Neem,Plantae,319135
209396491,01bd7618-4c79-4ef5-843b-5447a5da5eb5,https://inaturalist-open-data.s3.amazonaws.com/photos/370565498/medium.jpeg,,"Girdharpura, Rajasthan 324008, India",25.2263358333,75.8339669444,,,,,,,open,false,gps,gps,Neem,Azadirachta indica,Neem,Plantae,319135
209402516,6f38fb6f-f58e-486f-b3c6-aa0587bea196,https://inaturalist-open-data.s3.amazonaws.com/photos/370575705/medium.jpeg,,"Central University of Rajasthan,  Ajmer, Rajasthan 305817, India",26.6284683078,75.0340300798,8,,,,8,,open,false,gps,gps,Neem,Azadirachta indica,Neem,Plantae,319135
209403802,2ec63f50-23e0-414a-94b5-f609c0044700,https://inaturalist-open-data.s3.amazonaws.com/photos/370578114/medium.jpeg,,"Central University of Rajasthan,  Ajmer, Rajasthan 305817, India",26.6280256294,75.0330799073,8,,,,8,,open,false,gps,gps,Neem,Azadirachta indica,Neem,Plantae,319135
209408501,d11fddde-7ba5-41a6-9703-b8d24def99d1,https://inaturalist-open-data.s3.amazonaws.com/photos/370586408/medium.jpeg,,"Central University of Rajasthan,  Ajmer, Rajasthan 305817, India",26.6262393135,75.0327047333,5,,,,5,,open,false,gps,gps,Neem,Azadirachta indica,Neem,Plantae,319135
209414166,32758150-2d07-4700-8f8d-03506d0eda33,https://static.inaturalist.org/photos/370596183/medium.jpeg,,"J2HM+CC7, Bandar Seendri, Rajasthan 305816, India",26.628435,75.0337116667,6,,,,6,,open,false,,,Neem,Azadirachta indica,Neem,Plantae,319135
209414735,666893f7-a23b-4fa8-aa0f-743aec8e7084,https://static.inaturalist.org/photos/370596984/medium.jpeg,,"J2GM+W3C, Bandar Seendri, Rajasthan 305816, India",26.62704,75.0324516667,9,,,,9,,open,false,,,Neem,Azadirachta indica,Neem,Plantae,319135
209592832,b68aa2fd-5d05-4212-a33e-44371b10d5e7,https://inaturalist-open-data.s3.amazonaws.com/photos/370867576/medium.jpeg,,"Mehrana, Rajasthan, India",25.2338361111,75.8391269444,,,,,,,open,false,gps,gps,Neem,Azadirachta indica,Neem,Plantae,319135
209597689,3fa41fa8-ffa1-43fc-90ea-b2a918b8a3f0,https://inaturalist-open-data.s3.amazonaws.com/photos/370875049/medium.jpeg,,"Mehrana, Rajasthan, India",25.2329655556,75.8387172222,,,,,,,open,false,gps,gps,Neem,Azadirachta indica,Neem,Plantae,319135
209629604,7ce5275c-ec2f-4cd8-9416-b0e265ebef2b,https://inaturalist-open-data.s3.amazonaws.com/photos/370923034/medium.jpeg,,"4RM5+VG3 Park, Kota, Vardhaman Mahaveer Open University, Akelgarh, Kota, Rajasthan 324010, India",25.1392447497,75.8098074049,311,,,,311,,open,false,gps,gps,Neem,Azadirachta indica,Neem,Plantae,319135
209630117,4f611df2-86f0-492d-9d0b-3722f6076766,https://inaturalist-open-data.s3.amazonaws.com/photos/370923917/medium.jpeg,,"4RM5+VG3 Park, Kota, Vardhaman Mahaveer Open University, Akelgarh, Kota, Rajasthan 324010, India",25.1405462284,75.8105751872,1263,,,,1263,,open,false,gps,gps,Neem,Azadirachta indica,Neem,Plantae,319135
209631230,f1c19d2d-5ed1-45ae-bdf2-2166d81e13cd,https://inaturalist-open-data.s3.amazonaws.com/photos/370925734/medium.jpeg,,"4RM5+VG3 Park, Kota, Vardhaman Mahaveer Open University, Akelgarh, Kota, Rajasthan 324010, India",25.1345419444,75.8076055556,,,,,,,open,false,gps,gps,Neem,Azadirachta indica,Neem,Plantae,319135
209908787,3a0d7357-77f7-4e90-9460-79daf1358ac2,https://static.inaturalist.org/photos/371375888/medium.jpeg,,"72X8+C2, Sodagaran Mohalla, Jodhpur, Rajasthan 342001, India",26.2984185,73.015622,1399,,,,1399,,open,false,,,Neem,Azadirachta indica,Neem,Plantae,319135
209918349,d43e68fa-6bcd-45c7-8d0d-6d0fd375905e,https://static.inaturalist.org/photos/371392634/medium.jpeg,,"8228+P2H, Baba Ramdev Colony, Kabir Nagar, Jodhpur, Rajasthan 342001, India",26.301785,73.0153,12,,,,12,,open,false,,,Neem,Azadirachta indica,Neem,Plantae,319135
209923828,cd21eb82-0cee-48cc-a4cb-153747b666eb,https://static.inaturalist.org/photos/371401016/medium.jpeg,,"72X8+537, Sodagaran Mohalla, Jodhpur, Rajasthan 342001, India",26.2980608,73.015622,1399,,,,1399,,open,false,,,Neem,Azadirachta indica,Neem,Plantae,319135
209933622,e051b2e3-a7c1-419b-9b9f-65823171a08e,https://static.inaturalist.org/photos/371416928/medium.jpeg,,"Jodhpur, IN-RJ, IN",26.2986744,73.0190052,149,,,,149,,open,false,,,Neem,Azadirachta indica,Neem,Plantae,319135
210009875,924615ed-7728-461c-8695-23be0a12e268,https://inaturalist-open-data.s3.amazonaws.com/photos/371541845/medium.jpeg,,"C35/36, Thermal Colony Kota, Sakatpura, Electricity Board Area, Kota, Rajasthan 325204, India",25.1847625,75.8249991667,,,,,,,open,false,gps,gps,Neem,Azadirachta indica,Neem,Plantae,319135
210130207,53130af0-8d38-4cbe-9bdc-e04c214a7264,https://static.inaturalist.org/photos/371725237/medium.jpeg,,"938M+P3W, Jodhpur, Rajasthan 342304, India",26.3676483333,73.0849666667,1,,,,1,,open,false,,,Neem,Azadirachta indica,Neem,Plantae,319135
210139995,8b6f64e2-36f6-4e26-849f-9bd2af93c8a4,https://static.inaturalist.org/photos/371739706/medium.jpeg,,"938M+P3W, Jodhpur, Rajasthan 342304, India",26.367745,73.0847933333,3,,,,3,,open,false,,,Neem,Azadirachta indica,Neem,Plantae,319135
210197888,2a99f67c-be33-47dd-b994-c2ece7f4a564,https://inaturalist-open-data.s3.amazonaws.com/photos/371826674/medium.jpeg,,Abhera Biological and Zoological Park main gate,25.1984934842,75.7933543995,205,,,,205,,open,false,gps,gps,Neem,Azadirachta indica,Neem,Plantae,319135
210211188,0afb0c40-5460-4c21-912a-309c35f2ec21,https://inaturalist-open-data.s3.amazonaws.com/photos/371846448/medium.jpeg,,"Alfanagar, Rajasthan 323021, India",25.1935352778,75.7888038889,,,,,,,open,false,gps,gps,Neem,Azadirachta indica,Neem,Plantae,319135
210552388,75b578e8-93b2-41e2-9ee0-2a60dbdb8a30,https://static.inaturalist.org/photos/372403261/medium.jpeg,,"Jheepasani, Rajasthan, India",26.4486074634,73.1106105354,12,,,,12,,open,false,,,Neem,Azadirachta indica,Neem,Plantae,319135
210558949,62183cb9-ecfb-4523-bee9-a8e3964eb333,https://static.inaturalist.org/photos/372413745/medium.jpeg,,Rao Jodha Desert Rock Park,26.3048250475,73.0167296156,201,,,,201,,open,false,gps,gps,Neem,Azadirachta indica,Neem,Plantae,319135
210591488,adf514a3-a11c-4539-8880-1325dc20b886,https://static.inaturalist.org/photos/372466542/medium.jpeg,,"8X3H+334, Jodhpur, Rajasthan, India",26.3022533333,72.9769866667,7,,,,7,,open,false,,,Neem,Azadirachta indica,Neem,Plantae,319135
210637507,528c829e-9add-4aa8-96a9-193eebb2587e,https://inaturalist-open-data.s3.amazonaws.com/photos/372544995/medium.jpeg,,"6R8J+6H5, Kota, Girdharpura, Rajasthan 324008, India",25.2156319444,75.8319611111,,,,,,,open,false,gps,gps,Neem,Azadirachta indica,Neem,Plantae,319135
210638326,5e0e0132-7263-4d90-a337-460014ee69e3,https://inaturalist-open-data.s3.amazonaws.com/photos/372546519/medium.jpeg,,"6RCM+32Q, Girdharpura, Rajasthan 324008, India",25.2193066667,75.8325141667,,,,,,,open,false,gps,gps,Neem,Azadirachta indica,Neem,Plantae,319135
210638699,9ed40fa7-79c9-413b-bb8f-a54f99e90611,https://inaturalist-open-data.s3.amazonaws.com/photos/372547027/medium.jpeg,,"6RCM+32Q, Girdharpura, Rajasthan 324008, India",25.2193066667,75.8325141667,,,,,,,open,false,gps,gps,Neem,Azadirachta indica,Neem,Plantae,319135
210639315,8a6f08ca-be6b-4b8e-bf6f-b09322006354,https://inaturalist-open-data.s3.amazonaws.com/photos/372547976/medium.jpeg,,"6R7P+Q56, Kunadi, Electricity Board Area, Kota, Girdharpura, Rajasthan 324008, India",25.2144433333,75.8346933333,,,,,,,open,false,gps,gps,Neem,Azadirachta indica,Neem,Plantae,319135
210640941,98589c88-3b70-4146-873c-6033c6a7341c,https://inaturalist-open-data.s3.amazonaws.com/photos/372551079/medium.jpeg,,"6R9P+Q6, Girdharpura, Rajasthan 324008, India",25.2194011111,75.8355863889,,,,,,,open,false,gps,gps,Neem,Azadirachta indica,Neem,Plantae,319135
210653408,f0ebb250-5b28-4cd7-ab2d-b2759cb9bbe3,https://inaturalist-open-data.s3.amazonaws.com/photos/372566617/medium.jpg,,"Girdharpura, Rajasthan 324008, India",25.2150844444,75.8334491667,,,,,,,open,false,,,Neem,Azadirachta indica,Neem,Plantae,319135
210653438,91c63680-38d3-4f3d-8ae7-da7454c0cbad,https://inaturalist-open-data.s3.amazonaws.com/photos/372571445/medium.jpg,,"Girdharpura, Rajasthan 324008, India",25.2156302778,75.8319588889,,,,,,,open,false,,,Neem,Azadirachta indica,Neem,Plantae,319135
210653444,c9ef2065-2c13-43b0-9c52-3537d818f723,https://inaturalist-open-data.s3.amazonaws.com/photos/372571459/medium.jpg,Flower,"Girdharpura, Rajasthan 324008, India",25.2156280556,75.8319527778,,,,,,,open,false,,,Neem,Azadirachta indica,Neem,Plantae,319135
210660500,ab4055d4-4757-4635-81c6-c4b569193f75,https://inaturalist-open-data.s3.amazonaws.com/photos/372581746/medium.jpg,,"Mehrana, Rajasthan, India",25.2317791667,75.8381325,,,,,,,open,false,,,Neem,Azadirachta indica,Neem,Plantae,319135
210662785,099f8c6b-f348-483e-b4e6-206f32c4f1bc,https://inaturalist-open-data.s3.amazonaws.com/photos/372759726/medium.jpeg,,"Central University of Rajasthan, Ajmer, Rajasthan, India",26.6273407784,75.0315567479,22,,,,22,,open,false,gps,gps,Neem,Azadirachta indica,Neem,Plantae,319135
210668890,be170145-b54d-466c-8c16-9d7f2f0f4696,https://inaturalist-open-data.s3.amazonaws.com/photos/372595948/medium.jpg,,"Mehrana, Rajasthan, India",25.2362294444,75.8350563889,,,,,,,open,false,,,Neem,Azadirachta indica,Neem,Plantae,319135
210791864,e55bd1cf-dd5b-4b13-890f-ddaa29417071,https://static.inaturalist.org/photos/372787876/medium.jpeg,,"579, Patrakar Colony, Kabir Nagar, Jodhpur, Rajasthan 342004, India",26.30097067,73.01572737,6,,,,6,,open,false,,,Neem,Azadirachta indica,Neem,Plantae,319135
210802349,14335bf2-754b-4d54-97da-a81b1ed4c34b,https://inaturalist-open-data.s3.amazonaws.com/photos/372799750/medium.jpg,,"Gudla, Rajasthan 323803, India",25.2942113889,75.9094863889,,,,,,,open,false,,,Neem,Azadirachta indica,Neem,Plantae,319135
210802353,324c9585-9762-46b2-9fd7-ce31153afb8d,https://inaturalist-open-data.s3.amazonaws.com/photos/372800039/medium.jpg,,"Gudla, Rajasthan 323803, India",25.2942113889,75.9094863889,,,,,,,open,false,,,Neem,Azadirachta indica,Neem,Plantae,319135
210802363,4fd2066d-a713-4e38-b057-93d6a5c9a293,https://inaturalist-open-data.s3.amazonaws.com/photos/372800298/medium.jpg,,"Rangrajpura, Rajasthan 323602, India",25.3550377805,76.0025944972,2214,,,,2214,,open,false,,,Neem,Azadirachta indica,Neem,Plantae,319135
210911054,5ea2e20f-4529-4adc-9979-e9151c818f11,https://inaturalist-open-data.s3.amazonaws.com/photos/372960434/medium.jpg,,"Bheeya, Rajasthan 323602, India",25.3531577778,75.9904072222,,,,,,,open,false,,,Neem,Azadirachta indica,Neem,Plantae,319135
210911084,dfeceeaa-f0b7-4ad2-aa77-e9adb46314ef,https://inaturalist-open-data.s3.amazonaws.com/photos/372962066/medium.jpg,,"Bheeya, Rajasthan 323602, India",25.3531577778,75.9904072222,,,,,,,open,false,,,Neem,Azadirachta indica,Neem,Plantae,319135
211253829,5b3ce730-7f8c-469c-a93d-005f99f33c5d,https://static.inaturalist.org/photos/373525074/medium.jpeg,,"73Q7+M7C, Cantt Area, Jodhpur, Rajasthan 342006, India",26.2893816667,73.0633,4,,,,4,,open,false,,,Neem,Azadirachta indica,Neem,Plantae,319135
211258052,1e829c81-7329-4596-9d37-0fb05531c17e,https://static.inaturalist.org/photos/373531680/medium.jpg,"","Jodhpur Cantt Township, Jodhpur, RJ, IN",26.2885068264,73.0624056236,3,,,,3,,open,false,,,Neem,Azadirachta indica,Neem,Plantae,319135
211258434,55a791be-9450-49a6-8f6c-b730b6155df3,https://static.inaturalist.org/photos/373532261/medium.jpeg,,"73Q6+7Q, Cantt Area, Jodhpur, Rajasthan 342006, India",26.28877581,73.06241026,4,,,,4,,open,false,,,Neem,Azadirachta indica,Neem,Plantae,319135
211263153,826d6a44-01fa-4cc7-8466-12f8e08f64a5,https://static.inaturalist.org/photos/373540493/medium.jpeg,,"73Q6+7Q, Cantt Area, Jodhpur, Rajasthan 342006, India",26.2884566667,73.0616733333,2,,,,2,,open,false,,,Neem,Azadirachta indica,Neem,Plantae,319135
211265975,837699a7-fcb3-4092-820f-8c4fbc93c547,https://static.inaturalist.org/photos/373544743/medium.jpeg,,"73Q7+M7C, Cantt Area, Jodhpur, Rajasthan 342006, India",26.2899175007,73.062355835,11,,,,11,,open,false,,,Neem,Azadirachta indica,Neem,Plantae,319135
211339667,5a772ae5-7eea-43f9-9af2-0439323050f2,https://inaturalist-open-data.s3.amazonaws.com/photos/373664731/medium.jpeg,,"73Q7+M7C, Cantt Area, Jodhpur, Rajasthan 342006, India",26.2900616667,73.0621483333,6,,,,6,,open,false,,,Neem,Azadirachta indica,Neem,Plantae,319135
211414984,a2376562-c290-47d6-89d3-5004ee0a2235,https://inaturalist-open-data.s3.amazonaws.com/photos/373785754/medium.jpg,,"Nayapura, Kota, Rajasthan, India",25.1858741667,75.8539313889,,,,,,,open,false,,,Neem,Azadirachta indica,Neem,Plantae,319135
211428199,5ef92e26-1c1e-40a4-b61e-8fe2a75f2e55,https://static.inaturalist.org/photos/373807247/medium.jpeg,,"8238+X94, Cigodi Ki Bari, Near Mahadev Amarnath Temple, Chandpol, Jodhpur, Rajasthan 342010, India",26.3048250475,73.0167296156,201,,,,201,,open,false,gps,gps,Neem,Azadirachta indica,Neem,Plantae,319135
211472600,c5382d0b-bf87-43b0-ae04-13dbd3d397cc,https://inaturalist-open-data.s3.amazonaws.com/photos/373870954/medium.jpg,,"Girdharpura, Rajasthan 324008, India",25.2191780556,75.8327405556,,,,,,,open,false,,,Neem,Azadirachta indica,Neem,Plantae,319135
211472608,3e0350a7-cab9-4143-ad1e-3934ab0568e8,https://inaturalist-open-data.s3.amazonaws.com/photos/373871224/medium.jpg,,"Girdharpura, Rajasthan 324008, India",25.2196338889,75.8321511111,,,,,,,open,false,,,Neem,Azadirachta indica,Neem,Plantae,319135
211473500,4222010d-cc77-4165-a9d8-339762f1f95c,https://inaturalist-open-data.s3.amazonaws.com/photos/373873943/medium.jpg,,"Girdharpura, Rajasthan 324008, India",25.2196338889,75.8321511111,,,,,,,open,false,,,Neem,Azadirachta indica,Neem,Plantae,319135
211477415,384fe869-c01f-45d2-8eb5-79ead44f955a,https://inaturalist-open-data.s3.amazonaws.com/photos/373877156/medium.jpg,,"Mehrana, Rajasthan, India",25.2344711111,75.8393008333,,,,,,,open,false,,,Neem,Azadirachta indica,Neem,Plantae,319135
211477419,d12e8d8d-47a4-479c-abe3-a50291565d8d,https://inaturalist-open-data.s3.amazonaws.com/photos/373877272/medium.jpg,,"Mehrana, Rajasthan, India",25.2344711111,75.8393008333,,,,,,,open,false,,,Neem,Azadirachta indica,Neem,Plantae,319135
211514425,e3bd370b-f0c1-453a-8709-197da46146fb,https://inaturalist-open-data.s3.amazonaws.com/photos/373931773/medium.jpg,Close up photographs of flower,"Kota, Rajasthan, India",25.1852627778,75.8242008333,,,,,,,open,false,,,Neem,Azadirachta indica,Neem,Plantae,319135
211538359,981b5a6c-7268-407c-8d52-61f7c4147e90,https://inaturalist-open-data.s3.amazonaws.com/photos/373972685/medium.jpeg,,"V66R+F9W, Dhoondhari, Rajasthan 305408, India",25.8621766667,75.2427866667,6,,,,6,,open,false,,,Azadirachta indica,Azadirachta indica,Neem,Plantae,319135
211556917,446da454-2451-4bde-bd8f-5104dbb81dbe,https://inaturalist-open-data.s3.amazonaws.com/photos/374001287/medium.jpeg,,"Plot no. 17 Omaxi vihar, asatya Dwarkadhish velly, Jodhpur, Rajasthan 342011, India",26.2548533,73.0854865997,,,,,,,open,false,gps,gps,Neem,Azadirachta indica,Neem,Plantae,319135
212582962,66fe18c9-196c-4b85-b658-f706c1490ede,https://inaturalist-open-data.s3.amazonaws.com/photos/375671631/medium.jpeg,,"St, Patrick's School 72F9+2XM, P.W.D Colony, Jodhpur, Rajasthan 342001, India",26.2740648691,73.0196532235,5,,,,5,,open,false,gps,gps,Neem,Azadirachta indica,Neem,Plantae,319135
212763737,2a755df0-e390-426b-8685-cea1bf8f3cf0,https://inaturalist-open-data.s3.amazonaws.com/photos/375992028/medium.jpg,,"Girdharpura, Rajasthan 324008, India",25.2278211111,75.83433,,,,,,,open,false,,,Neem,Azadirachta indica,Neem,Plantae,319135
212763743,0166c7e1-39d7-4152-8bad-2462ef2299df,https://inaturalist-open-data.s3.amazonaws.com/photos/375992377/medium.jpg,,"Girdharpura, Rajasthan 324008, India",25.2277333333,75.8335044444,,,,,,,open,false,,,Neem,Azadirachta indica,Neem,Plantae,319135
212902108,22225ffe-0187-40f3-a9e8-3b5b7fdf947b,https://inaturalist-open-data.s3.amazonaws.com/photos/376237227/medium.jpeg,,"Mehrana, Rajasthan, India",25.2340752778,75.8391155556,,,,,,,open,false,gps,gps,Neem,Azadirachta indica,Neem,Plantae,319135
213594159,8fefe3d9-3c29-4acb-aae8-5128f1e3ee6b,https://inaturalist-open-data.s3.amazonaws.com/photos/377489619/medium.jpeg,,"8W7R+GJ8, Jaipur, Rajasthan 303806, India",27.3119338292,75.9396876767,194,,,,194,,open,false,gps,gps,Neem,Azadirachta indica,Neem,Plantae,319135
214357685,9dc29a48-6166-4c08-bd90-80896fd5e64c,https://static.inaturalist.org/photos/421063897/medium.jpeg,,"8238+X94, Cigodi Ki Bari, Near Mahadev Amarnath Temple, Chandpol, Jodhpur, Rajasthan 342010, India",26.30420708,73.01735342,3,,,,3,,open,false,,,Neem,Azadirachta indica,Neem,Plantae,319135
215012772,94bdb54e-7332-4f82-8a15-3848fd725cc5,https://inaturalist-open-data.s3.amazonaws.com/photos/380100414/medium.jpg,,"Electricity Board Area, Kota, Rajasthan, India",25.1980422222,75.82634,,,,,,,open,false,,,Neem,Azadirachta indica,Neem,Plantae,319135
217635784,cd7f2aed-9e49-4b75-8c0e-f9807a63ce1a,https://static.inaturalist.org/photos/385038152/medium.jpeg,,"232, Swami Vivekananda Nagar, Kota, Rajasthan 324010, India",25.1244658621,75.8098141104,2219,,,,2219,,open,false,gps,gps,Neem,Azadirachta indica,Neem,Plantae,319135
226419439,fcee1c04-3a97-4158-b099-4b050d8a141c,https://inaturalist-open-data.s3.amazonaws.com/photos/401552678/medium.jpg,,"Hathanapur, Rajasthan 323602, India",25.350575,75.9711791667,,,,,,,open,false,,,Neem,Azadirachta indica,Neem,Plantae,319135
227100104,cf6b7985-b302-4f35-af27-5db5957b4e9f,https://inaturalist-open-data.s3.amazonaws.com/photos/402839579/medium.jpeg,,"6RCM+658, Girdharpura, Rajasthan 324008, India",25.2200552778,75.8328516667,,,,,,,open,false,gps,gps,Neem,Azadirachta indica,Neem,Plantae,319135
227816699,46c12fd7-ac01-492a-b403-f83f36028d71,https://inaturalist-open-data.s3.amazonaws.com/photos/404191347/medium.jpeg,,"JW42+PV6, Undwa, Rajasthan 326529, India",24.6052727778,75.8996386111,,,,,,,open,false,gps,gps,Neem,Azadirachta indica,Neem,Plantae,319135
227817203,9d4c868a-ab68-4b08-af99-339a6fe6cecc,https://inaturalist-open-data.s3.amazonaws.com/photos/404192457/medium.jpeg,,"JWRW+HFJ, Ramganj Mandi, Rajasthan 326519, India",24.6420688503,75.945947282,239,,,,239,,open,false,gps,gps,Neem,Azadirachta indica,Neem,Plantae,319135
227817371,439fe1b3-3265-43b8-a846-87099d0a3da5,https://inaturalist-open-data.s3.amazonaws.com/photos/404193003/medium.jpeg,,"Kota, IN-RJ, IN",24.6398133333,75.9427791667,,,,,,,open,false,gps,gps,Neem,Azadirachta indica,Neem,Plantae,319135
231561400,fbb0d230-83dd-4042-b97c-9cdfdf1fcb32,https://inaturalist-open-data.s3.amazonaws.com/photos/411291402/medium.jpg,,"Mehrana, Rajasthan, India",25.2318583333,75.8381169444,,,,,,,open,false,,,Neem,Azadirachta indica,Neem,Plantae,319135
235272130,f5bd4d50-db7e-4e2a-a697-fbd4b69dfa2e,https://inaturalist-open-data.s3.amazonaws.com/photos/418390923/medium.jpg,,"Gagos, Rajasthan 323021, India",25.2578286111,75.6915616667,,,,,,,open,false,,,Neem,Azadirachta indica,Neem,Plantae,319135
237417145,909fd5a1-6765-43e6-86c4-587c151d4a61,https://static.inaturalist.org/photos/422530452/medium.jpeg,,"Sanjay Nagar, Rajasthan 333501, India",27.8880534988,75.8279428259,15653,,,,15653,,open,false,gps,gps,Neem,Azadirachta indica,Neem,Plantae,319135
239766898,6e7eafbf-5aaf-4a63-b6d3-8ea8947d6727,https://inaturalist-open-data.s3.amazonaws.com/photos/427079923/medium.jpeg,,"6RGM+59X, Girdharpura, Rajasthan 324008, India",25.2256461111,75.83433,,,,,,,open,false,gps,gps,Neem,Azadirachta indica,Neem,Plantae,319135
240785167,3ad07bef-6c9a-43a4-bcf2-ca7c490fd9d2,https://static.inaturalist.org/photos/429038433/medium.jpeg,,"Kharkhara, Rajasthan 333504, India",28.0487622779,75.7802273333,2573,,,,2573,,open,false,gps,gps,Neem,Azadirachta indica,Neem,Plantae,319135
246294886,08b4ad5d-869d-4549-9785-676194fa22ab,https://static.inaturalist.org/photos/439663532/medium.jpeg,,"Sanjay Nagar, Rajasthan, India",27.9008204782,75.8226139471,3765,,,,3765,,open,false,gps,gps,Neem,Azadirachta indica,Neem,Plantae,319135
249273315,92e9c4f1-27a2-4d3d-a119-f32d2c497e09,https://inaturalist-open-data.s3.amazonaws.com/photos/445566786/medium.jpeg,,"XQ9W+552, Vishwakarma Industrial Area, Jaipur, Rajasthan 302028, India",26.9683169072,75.7971011102,15,,,,15,,open,false,gps,gps,Neem,Azadirachta indica,Neem,Plantae,319135
254091919,35996892-87ce-46e5-a413-0ae3948166ec,https://static.inaturalist.org/photos/455056793/medium.jpeg,,"Sanjay Nagar, Rajasthan, India",27.9008204782,75.8226139471,3765,,,,3765,,open,false,gps,gps,Neem,Azadirachta indica,Neem,Plantae,319135
254265084,2b004aa2-83dc-4827-bbba-f8acb556723c,https://inaturalist-open-data.s3.amazonaws.com/photos/455397565/medium.jpg,,"Bheemganj, Rajasthan 323803, India",25.5413835553,75.8497831208,3498,,,,3498,,open,false,,,Neem,Azadirachta indica,Neem,Plantae,319135
255742384,0157467f-7fd4-4e8b-b506-65cce5dbc57b,https://inaturalist-open-data.s3.amazonaws.com/photos/458377803/medium.jpeg,,"Bahawalpur, PK-PB, IN-RJ, PK, IN",27.898825,70.22916,4,,,,4,,open,false,,,Neem,Azadirachta indica,Neem,Plantae,319135
256107868,1cefb174-a9db-49d2-b094-7bb6d8312bd5,https://inaturalist-open-data.s3.amazonaws.com/photos/459105500/medium.jpg,,"Ajmer, Rajasthan, IN",26.6305783333,75.0314333333,21,,,,21,,open,false,,,Neem,Azadirachta indica,Neem,Plantae,319135
256511825,6553c151-01e3-4317-a4ef-27a50203ea5a,https://inaturalist-open-data.s3.amazonaws.com/photos/459931913/medium.jpeg,,"Mehrana, Rajasthan, India",25.2313916667,75.8385388889,,,,,,,open,false,gps,gps,Neem,Azadirachta indica,Neem,Plantae,319135
258021923,256a2827-80b3-4d60-9803-44666853e08e,https://inaturalist-open-data.s3.amazonaws.com/photos/462871452/medium.jpeg,,"0082, Nayapura, Kota, Rajasthan 324001, India",25.1943277778,75.8590222222,,,,,,,open,false,gps,gps,Neem,Azadirachta indica,Neem,Plantae,319135
258351609,642c356b-42c8-4be7-b5d5-754cc387907a,https://inaturalist-open-data.s3.amazonaws.com/photos/463501575/medium.jpg,,"Ajmer, Rajasthan, IN",26.63143,75.0240778333,5,,,,5,,open,false,,,Neem,Azadirachta indica,Neem,Plantae,319135
258451093,ffa4e3df-8648-42a0-b2e8-3717e4569d18,https://inaturalist-open-data.s3.amazonaws.com/photos/463706371/medium.jpg,,"Ajmer, Rajasthan, IN",26.630255,75.021125,3,,,,3,,open,false,,,Neem,Azadirachta indica,Neem,Plantae,319135
258642551,3dd19c53-4772-4717-81fe-15b0e71a5e76,https://inaturalist-open-data.s3.amazonaws.com/photos/464101384/medium.jpeg,,"5VV5+967, Nayapura, Kota, Rajasthan 324001, India",25.1927361111,75.8575694444,,,,,,,open,false,gps,gps,Neem,Azadirachta indica,Neem,Plantae,319135
259026645,a7f65cb3-a9a2-4666-9123-0d35c354eed2,https://inaturalist-open-data.s3.amazonaws.com/photos/464881241/medium.jpeg,,"5VX4+JHF, Nayapura, Kota, Rajasthan 324001, India",25.1993125,75.8565047222,,,,,,,open,false,gps,gps,Neem,Azadirachta indica,Neem,Plantae,319135
259073654,198a15c2-cdd0-4fd2-824b-f644dcc510b2,https://inaturalist-open-data.s3.amazonaws.com/photos/464978020/medium.jpeg,,"Kota, Rajasthan 324008, India",25.1963008333,75.8121747222,,,,,,,open,false,gps,gps,Neem,Azadirachta indica,Neem,Plantae,319135
259731174,bb8725d7-5537-4a99-96b9-8e5534e30e04,https://inaturalist-open-data.s3.amazonaws.com/photos/466304451/medium.jpg,,"Kota Division, Rajasthan, India",25.1974916667,75.7931438889,,,,,,,open,false,,,Neem,Azadirachta indica,Neem,Plantae,319135
261501220,8c247a06-b0fe-4c2f-aa2d-3518e266ffe8,https://inaturalist-open-data.s3.amazonaws.com/photos/469811032/medium.jpeg,,"Kota, Rajasthan 324008, India",25.1923036111,75.8009144444,,,,,,,open,false,gps,gps,Neem,Azadirachta indica,Neem,Plantae,319135
266193862,df1627a1-1bd3-45d1-8329-f0a5b3cb6d33,https://inaturalist-open-data.s3.amazonaws.com/photos/478253626/medium.jpg,,"Ajmer, Rajasthan, IN",26.6267716667,75.0347138333,4,,,,4,,open,false,,,Neem,Azadirachta indica,Neem,Plantae,319135
268713543,046b877b-c45c-4a43-9e43-74a8ae21e3c6,https://inaturalist-open-data.s3.amazonaws.com/photos/483048926/medium.jpg,"","Malpura, Tonk, Rajasthan, IN",26.3106225834,75.4574837483,7,,,,7,,open,false,,,Neem,Azadirachta indica,Neem,Plantae,319135
268715960,4ad60143-55dc-46af-822c-c14974c76339,https://inaturalist-open-data.s3.amazonaws.com/photos/483053654/medium.jpeg,,"Chandsen, Rajasthan 304501, India",26.31077903,75.45976878,3,,,,3,,open,false,,,Neem,Azadirachta indica,Neem,Plantae,319135
268845370,8353d0f3-7356-402a-ba0d-7164473fa328,https://inaturalist-open-data.s3.amazonaws.com/photos/483300465/medium.jpg,"","Malpura, Tonk, Rajasthan, IN",26.3090138182,75.460034795,2,,,,2,,open,false,,,Neem,Azadirachta indica,Neem,Plantae,319135
268846315,9e5bca66-d492-4301-bf6a-3816693fec31,https://inaturalist-open-data.s3.amazonaws.com/photos/483305425/medium.jpeg,,"Chandsen, Rajasthan 304501, India",26.30883,75.4603966667,1,,,,1,,open,false,,,Neem,Azadirachta indica,Neem,Plantae,319135
272891661,ee519a82-415f-4f62-ac7c-a7a1e51aa021,https://static.inaturalist.org/photos/490955602/medium.jpeg,,"29VX+WW, Sawai Madhopur, Rajasthan 322027, India",26.0444633,76.4001662997,,,,,,,open,false,gps,gps,Neem,Azadirachta indica,Neem,Plantae,319135
277205848,be7a1a12-9f18-4e95-b825-1d6ab9cfbbfa,https://inaturalist-open-data.s3.amazonaws.com/photos/497761971/medium.jpeg,नीम ,"25W5+QJH, Chauth Ka Barwara, Rajasthan 322702, India",26.0480233333,76.16021,4,,,,4,,open,false,,,Neem,Azadirachta indica,Neem,Plantae,319135
277238782,159fbdab-df6f-4631-b848-950a35f2a367,https://inaturalist-open-data.s3.amazonaws.com/photos/497822524/medium.jpg,,"Sawai Madhopur, Rajasthan, IN",26.0499614335,76.1578069777,18,,,,18,,open,false,,,Neem,Azadirachta indica,Neem,Plantae,319135
277271512,f81838c4-3754-4bd7-bd14-703fc89b07c9,https://inaturalist-open-data.s3.amazonaws.com/photos/497880139/medium.jpg,,"Sawai Madhopur, Rajasthan, IN",26.0489117237,76.1580109314,3,,,,3,,open,false,,,Neem,Azadirachta indica,Neem,Plantae,319135
277272615,e6bcdb46-f9c0-482b-9bce-94f3b8d88053,https://inaturalist-open-data.s3.amazonaws.com/photos/497881869/medium.jpeg,,"25X5+V5M, Chauth Ka Barwara, Rajasthan 322702, India",26.0495983333,76.1576466667,6,,,,6,,open,false,,,Neem,Azadirachta indica,Neem,Plantae,319135
277284495,f078de95-6177-443f-a483-f064bff676ee,https://inaturalist-open-data.s3.amazonaws.com/photos/497902721/medium.jpg,,"Sawai Madhopur, Rajasthan, IN",26.0495526935,76.1576111781,14,,,,14,,open,false,,,Neem,Azadirachta indica,Neem,Plantae,319135
277302830,8fcd0ea5-80f6-4f61-8bd5-38bd99c2741c,https://inaturalist-open-data.s3.amazonaws.com/photos/497933201/medium.jpg,,"Sawai Madhopur, Rajasthan, IN",26.0495195,76.1576528333,6,,,,6,,open,false,,,Neem,Azadirachta indica,Neem,Plantae,319135
277308872,f15fa111-dd55-4146-a375-24678c784628,https://inaturalist-open-data.s3.amazonaws.com/photos/497944338/medium.jpeg,,"25X5+V5M, Chauth Ka Barwara, Rajasthan 322702, India",26.04894827,76.15830082,7,,,,7,,open,false,,,Neem,Azadirachta indica,Neem,Plantae,319135
277310532,54bbf4ce-cd30-410f-989f-06ebf5962e6d,https://inaturalist-open-data.s3.amazonaws.com/photos/497947030/medium.jpeg,,"25X5+V5M, Chauth Ka Barwara, Rajasthan 322702, India",26.0494241,76.157765,45,,,,45,,open,false,,,Neem,Azadirachta indica,Neem,Plantae,319135
277354168,6c342ee9-ac40-4db5-a30b-eb852da10531,https://inaturalist-open-data.s3.amazonaws.com/photos/498018641/medium.jpg,,"Sawai Madhopur, Rajasthan, IN",26.0496917974,76.1578781989,4,,,,4,,open,false,,,Neem,Azadirachta indica,Neem,Plantae,319135
277367798,9f89abeb-6852-4f0d-bbbb-e977f293248c,https://inaturalist-open-data.s3.amazonaws.com/photos/498043103/medium.jpg,,"Sawai Madhopur, Rajasthan, IN",26.049463246,76.1583012064,7,,,,7,,open,false,,,Neem,Azadirachta indica,Neem,Plantae,319135
277598197,0c878595-1c03-4f92-a84e-804450e4173f,https://inaturalist-open-data.s3.amazonaws.com/photos/498454892/medium.jpeg,,"Chauth Ka Barwara, Rajasthan 322702, India",26.04911285,76.15253872,5,,,,5,,open,false,,,Neem,Azadirachta indica,Neem,Plantae,319135
277606256,6786fb30-a044-4862-b0b4-fbd6ad1f58ed,https://inaturalist-open-data.s3.amazonaws.com/photos/498470672/medium.jpeg,,"3524+4XJ, Chauth Ka Barwara, Rajasthan 322702, India",26.0500616667,76.1576133333,8,,,,8,,open,false,,,Neem,Azadirachta indica,Neem,Plantae,319135
277650877,25ed574c-4fc3-42bd-ac6a-638e0efad2cc,https://inaturalist-open-data.s3.amazonaws.com/photos/498545620/medium.jpeg,,"Six Senses Fort Barwara, Chauth Ka Barwara, Rajasthan 322702, India",26.0505702033,76.1579883099,179,,,,179,,open,false,gps,gps,Neem,Azadirachta indica,Neem,Plantae,319135
277706181,a7726f4c-47ec-485d-8738-2a831d5378dc,https://inaturalist-open-data.s3.amazonaws.com/photos/498638596/medium.jpeg,Neem tree flowers,"25X5+V5M, Chauth Ka Barwara, Rajasthan 322702, India",26.0500136,76.1576595,12,,,,12,,open,false,,,Neem,Azadirachta indica,Neem,Plantae,319135
277708857,86146323-c53a-4554-a122-3d83c20702a4,https://inaturalist-open-data.s3.amazonaws.com/photos/498643664/medium.jpg,,"Sawai Madhopur, Rajasthan, IN",26.0498788984,76.1576405787,12,,,,12,,open,false,,,Neem,Azadirachta indica,Neem,Plantae,319135
277980291,26eb31cd-6059-465a-8b68-c4d851676bcf,https://inaturalist-open-data.s3.amazonaws.com/photos/499137218/medium.jpeg,,"25X5+V5M, Chauth Ka Barwara, Rajasthan 322702, India",26.0497616667,76.157785,7,,,,7,,open,false,,,Neem,Azadirachta indica,Neem,Plantae,319135
277991365,a88001df-ac0d-4160-b1cf-aa59f7146d20,https://inaturalist-open-data.s3.amazonaws.com/photos/499155091/medium.jpg,,"Sawai Madhopur, Rajasthan, IN",26.0498252737,76.1576204542,12,,,,12,,open,false,,,Neem,Azadirachta indica,Neem,Plantae,319135
278026288,0880a33b-6703-4adb-926a-f619a6e636d0,https://inaturalist-open-data.s3.amazonaws.com/photos/499215269/medium.jpeg,,"25X5+V5M, Chauth Ka Barwara, Rajasthan 322702, India",26.0499359,76.157916,60,,,,60,,open,false,,,Neem,Azadirachta indica,Neem,Plantae,319135
278026391,a83ce6f0-bd63-4368-8ba6-62bb1542c6c2,https://inaturalist-open-data.s3.amazonaws.com/photos/499215512/medium.jpeg,,"25X5+V5M, Chauth Ka Barwara, Rajasthan 322702, India",26.04955549,76.1577696,4,,,,4,,open,false,,,Neem,Azadirachta indica,Neem,Plantae,319135
278289823,da2ec465-87ba-4d53-b72a-9c8975082a5a,https://inaturalist-open-data.s3.amazonaws.com/photos/499691220/medium.jpg,,"Sawai Madhopur, Rajasthan, IN",26.0494309093,76.1584030449,3,,,,3,,open,false,,,Neem,Azadirachta indica,Neem,Plantae,319135
278335314,13b619c6-3c15-41dd-8cd4-5e7529160427,https://inaturalist-open-data.s3.amazonaws.com/photos/499774297/medium.jpeg,,"25X5+V5M, Chauth Ka Barwara, Rajasthan 322702, India",26.0490434,76.15771073,7,,,,7,,open,false,,,Neem,Azadirachta indica,Neem,Plantae,319135
278367374,149a2d20-e6e8-432b-a0b4-0dd6bd3686a5,https://inaturalist-open-data.s3.amazonaws.com/photos/499830873/medium.jpeg,,"25X4+RQ6, Chauth Ka Barwara, Rajasthan 322702, India",26.0493116667,76.157385,3,,,,3,,open,false,,,Neem,Azadirachta indica,Neem,Plantae,319135
278369990,f8cf0e89-a982-4fe0-80f4-b8089d6031ef,https://inaturalist-open-data.s3.amazonaws.com/photos/499835411/medium.jpeg,,"25X5+V5M, Chauth Ka Barwara, Rajasthan 322702, India",26.0500275,76.1577026,64,,,,64,,open,false,,,Neem,Azadirachta indica,Neem,Plantae,319135
278891425,e751dd48-c6d3-4a8c-abae-662f7c8ba61e,https://inaturalist-open-data.s3.amazonaws.com/photos/500788465/medium.jpg,,"Sawai Madhopur, Rajasthan, IN",26.0495338917,76.1578163131,9,,,,9,,open,false,,,Neem,Azadirachta indica,Neem,Plantae,319135
279646340,a4b3240c-462d-474e-a051-c842feb45d21,https://inaturalist-open-data.s3.amazonaws.com/photos/502188865/medium.jpg,Gate no. 1,"Kishangarh, Ajmer, Rajasthan, IN",26.621678804,75.0266010609,95,,,,95,,open,false,,,Neem,Azadirachta indica,Neem,Plantae,319135
279646362,6bfa9a15-25db-4819-9c67-cfaf3efd9989,https://inaturalist-open-data.s3.amazonaws.com/photos/502188887/medium.jpeg,Gate no 1 ,"J2FG+2P9, Bandar Seendri, Rajasthan 305816, India",26.6217683333,75.0270666667,7,,,,7,,open,false,,,Neem,Azadirachta indica,Neem,Plantae,319135
282346454,ab701502-157e-4b99-94b3-6e9127532179,https://inaturalist-open-data.s3.amazonaws.com/photos/507265523/medium.jpg,,"Taron Ki Koont, Jaipur, Rajasthan, India",26.8321427778,75.7861058333,,,,,,,open,false,,,Neem,Azadirachta indica,Neem,Plantae,319135
282351702,d79e594f-7364-41cb-8fb7-821a79289e4d,https://inaturalist-open-data.s3.amazonaws.com/photos/507276795/medium.jpg,,"Taron Ki Koont, Jaipur, Rajasthan, India",26.8316111111,75.7858111111,,,,,,,open,false,,,Neem,Azadirachta indica,Neem,Plantae,319135
282351733,fc8bbc89-02fa-4d81-826b-627e762b8b14,https://inaturalist-open-data.s3.amazonaws.com/photos/507277311/medium.jpg,,"Taron Ki Koont, Jaipur, Rajasthan, India",26.8316694444,75.7861027778,,,,,,,open,false,,,Neem,Azadirachta indica,Neem,Plantae,319135
282351734,bdc82dce-2fd2-499e-8e40-584af74c096a,https://inaturalist-open-data.s3.amazonaws.com/photos/507277217/medium.jpg,,"Taron Ki Koont, Jaipur, Rajasthan, India",26.8316694444,75.7861,,,,,,,open,false,,,Neem,Azadirachta indica,Neem,Plantae,319135
282351740,c6200050-84af-4ef4-a365-6d6f83e9739d,https://inaturalist-open-data.s3.amazonaws.com/photos/507277458/medium.jpg,,"Taron Ki Koont, Jaipur, Rajasthan, India",26.8318722222,75.78625,,,,,,,open,false,,,Neem,Azadirachta indica,Neem,Plantae,319135
282351766,8c936a2c-8cca-4249-a891-af62526b20cd,https://inaturalist-open-data.s3.amazonaws.com/photos/507277740/medium.jpg,Prosopis juliflora,"Taron Ki Koont, Jaipur, Rajasthan, India",26.8320027778,75.7862916667,,,,,,,open,false,,,Neem,Azadirachta indica,Neem,Plantae,319135
282354925,cf7a43ad-3eca-4639-bac2-3b8a10824190,https://inaturalist-open-data.s3.amazonaws.com/photos/507283323/medium.jpg,"","Taron Ki Koont, Jaipur, Rajasthan, India",26.8324576216,75.7861590384,29,,,,29,,open,false,,,Neem,Azadirachta indica,Neem,Plantae,319135
282852540,bd7c3bb1-29b5-4152-9bb1-9841e8bea337,https://inaturalist-open-data.s3.amazonaws.com/photos/508211405/medium.jpg,,"Ajmer, Rajasthan, IN",26.6262133333,75.0208888333,4,,,,4,,open,false,,,Neem,Azadirachta indica,Neem,Plantae,319135
289472089,2337f69b-f364-4f93-816a-5d932b76926b,https://inaturalist-open-data.s3.amazonaws.com/photos/520659147/medium.jpg,,"Jodhpur, Rajasthan, IN",26.2424283333,73.0050222167,,,,,,,open,false,,,Neem,Azadirachta indica,Neem,Plantae,319135
293743566,7be0ddc6-7ab3-4b8b-b411-623268e3b132,https://static.inaturalist.org/photos/528667967/medium.jpg,,"Khetri, Rajasthan 333503, India",28.0189985978,75.7855163142,3133,,,,3133,,open,false,gps,gps,Neem,Azadirachta indica,Neem,Plantae,319135
303023483,53e55ab9-38a4-4c86-b9c4-7881a9ed01c9,https://static.inaturalist.org/photos/546144828/medium.jpg,,"52, Moti Magri Scheme, Moti Magari scheme, Zinc Park, Udaipur, Rajasthan 313001, India",24.5954663213,73.6852674466,19,,,,19,,open,false,,,Neem,Azadirachta indica,Neem,Plantae,319135
303024319,7ba270ed-f6f5-4f0e-ba1c-995383da8345,https://static.inaturalist.org/photos/546146483/medium.jpg,,"95, Moti Magri Scheme, Zinc Park, Udaipur, Rajasthan 313001, India",24.595085,73.6852651,29,,,,29,,open,false,,,Neem,Azadirachta indica,Neem,Plantae,319135
303026591,850fed59-5738-4b88-a393-a949118e82cb,https://inaturalist-open-data.s3.amazonaws.com/photos/546151191/medium.jpg,"","Moti Mangri Scheme, Udaipur, Rajasthan, IN",24.5949559054,73.6856616475,4,,,,4,,open,false,,,Neem,Azadirachta indica,Neem,Plantae,319135
303026757,42c2eee8-f132-40be-8a00-0ce658ea44d2,https://inaturalist-open-data.s3.amazonaws.com/photos/546151448/medium.jpg,"","Moti Mangri Scheme, Udaipur, Rajasthan, IN",24.5949916878,73.6856645293,9,,,,9,,open,false,,,Neem,Azadirachta indica,Neem,Plantae,319135
303027295,4f9966bd-214b-43d5-8fd3-c0697807ed2e,https://inaturalist-open-data.s3.amazonaws.com/photos/546152657/medium.jpg,"","Moti Mangri Scheme, Udaipur, Rajasthan, IN",24.5951149164,73.6857233753,9,,,,9,,open,false,,,Neem,Azadirachta indica,Neem,Plantae,319135
303027493,63da83f5-1d65-478f-969c-da7355df39ca,https://inaturalist-open-data.s3.amazonaws.com/photos/546152969/medium.jpg,"","Moti Mangri Scheme, Udaipur, Rajasthan, IN",24.5951984,73.6857024579,9,,,,9,,open,false,,,Neem,Azadirachta indica,Neem,Plantae,319135
303027614,73b83c49-5d43-4b48-a4ee-b52e0c414f55,https://inaturalist-open-data.s3.amazonaws.com/photos/546153274/medium.jpg,"","Moti Mangri Scheme, Udaipur, Rajasthan, IN",24.5952604739,73.6857238564,9,,,,9,,open,false,,,Neem,Azadirachta indica,Neem,Plantae,319135
303029389,9b2bc2ee-420f-4188-9426-fa163ef7a44e,https://static.inaturalist.org/photos/546156098/medium.jpg,,"54, Moti Magri Scheme, Zinc Park, Udaipur, Rajasthan 313001, India",24.5956375,73.685431,127,,,,127,,open,false,,,Neem,Azadirachta indica,Neem,Plantae,319135
303029401,2c82fa2a-597c-4b03-acfd-a3420e257b1b,https://inaturalist-open-data.s3.amazonaws.com/photos/546156093/medium.jpg,"","Moti Mangri Scheme, Udaipur, Rajasthan, IN",24.5956847754,73.685633644,9,,,,9,,open,false,,,Neem,Azadirachta indica,Neem,Plantae,319135
309419880,d1208b2c-9aef-46a5-97dc-a4906829c87b,https://inaturalist-open-data.s3.amazonaws.com/photos/558351560/medium.jpg,,"Hatholi, Rajasthan 323307, India",24.9165688889,75.5088419444,,,,,,,open,false,,,Neem,Azadirachta indica,Neem,Plantae,319135
309419884,c54c8142-b996-4163-8905-6b3b0b247feb,https://inaturalist-open-data.s3.amazonaws.com/photos/558351576/medium.jpg,,"Hatholi, Rajasthan 323307, India",24.9165358333,75.5127527778,,,,,,,open,false,,,Neem,Azadirachta indica,Neem,Plantae,319135
309419901,111bef59-cd1d-4a59-896b-b0a3a6081388,https://inaturalist-open-data.s3.amazonaws.com/photos/558351800/medium.jpg,,"Hatholi, Rajasthan 323307, India",24.9165708333,75.508815,,,,,,,open,false,,,Neem,Azadirachta indica,Neem,Plantae,319135
309868482,50e0035a-67a9-4607-b8b9-18b1ec3538d2,https://inaturalist-open-data.s3.amazonaws.com/photos/559208974/medium.jpg,,"Mandesara, Rajasthan 323307, India",24.9287888889,75.46138,,,,,,,open,false,,,Neem,Azadirachta indica,Neem,Plantae,319135
309868490,fbf077e8-5cf7-4dfc-aa0f-5036d0574ee3,https://inaturalist-open-data.s3.amazonaws.com/photos/559209104/medium.jpg,,"Mandesara, Rajasthan 323307, India",24.9287777778,75.4614077778,,,,,,,open,false,,,Neem,Azadirachta indica,Neem,Plantae,319135
310153967,06a0ed05-b46a-47a6-9db9-8c4223e004d7,https://inaturalist-open-data.s3.amazonaws.com/photos/559743060/medium.jpg,,"CMX2+239, Arya Nagar, Ajmer, Rajasthan 305004, India",26.44708158,74.65006272,3,,,,3,,open,false,,,Neem,Azadirachta indica,Neem,Plantae,319135
312634161,00f17a47-a942-4ae2-b696-21b40fe6c7d4,https://inaturalist-open-data.s3.amazonaws.com/photos/564487322/medium.jpg,,"8-A, opp. Police Line, Police Lines, Bundi, Rajasthan 323001, India",25.43478406,75.65174146,13,,,,13,,open,false,,,Neem,Azadirachta indica,Neem,Plantae,319135
318376461,760e100b-d3ec-43f4-a0b9-17cc697feac2,https://inaturalist-open-data.s3.amazonaws.com/photos/575403405/medium.jpg,,"2JF2+RR9, Jaipur, Rajasthan 302012, India",27.0243515,75.6025276,22,,,,22,,open,false,,,Neem,Azadirachta indica,Neem,Plantae,319135
319709894,82b262e7-f34e-45d2-b813-f4239b560665,https://inaturalist-open-data.s3.amazonaws.com/photos/577957430/medium.jpg,,"HRC2+2CR, Kiratpura, Rajasthan 303901, India",26.57010813,75.80088959,4,,,,4,,open,false,,,Neem,Azadirachta indica,Neem,Plantae,319135
320407689,eb21a431-cf40-4f90-9532-0fe0dbb8ffee,https://inaturalist-open-data.s3.amazonaws.com/photos/579304620/medium.jpg,,"275Q+QH9, Sorsan, Rajasthan 325202, India",25.0089339722,76.2900879722,,,,,,,open,false,gps,gps,Neem,Azadirachta indica,Neem,Plantae,319135
321360711,e7d915e5-3832-43b1-aeb4-6dbaba700220,https://static.inaturalist.org/photos/581174963/medium.jpg,,Bhinmal,25.0173873901,72.2587585449,11474,,,,11474,,open,false,,,Neem,Azadirachta indica,Neem,Plantae,319135
324172766,74a44656-8f4f-4f73-9385-1a152cf32eaf,https://inaturalist-open-data.s3.amazonaws.com/photos/586691450/medium.jpg,,"Jaipur, IN-RJ, IN",26.9088333333,75.7893833333,22,,,,22,,open,false,,,Neem,Azadirachta indica,Neem,Plantae,319135
327049287,016cb1fb-b400-45ad-a4f2-7b1e1249721b,https://inaturalist-open-data.s3.amazonaws.com/photos/592435799/medium.jpg,,"Chittaurgarh, Rajasthan, India",24.9165358333,75.5127527778,,,,,,,open,false,,,Neem,Azadirachta indica,Neem,Plantae,319135
327049303,0246d2c6-8ae2-4b43-b6cb-99ad573dcc8c,https://inaturalist-open-data.s3.amazonaws.com/photos/592435910/medium.jpg,,"Chittaurgarh, Rajasthan, India",24.9287719444,75.4614027778,,,,,,,open,false,,,Neem,Azadirachta indica,Neem,Plantae,319135
327323035,40e3567e-4494-4263-92a3-f6a1c517f0d9,https://inaturalist-open-data.s3.amazonaws.com/photos/592984767/medium.jpg,Tree,"8F63+CCP, Tonk, Rajasthan 304501, India",26.3107066,75.453226,457,,,,457,,open,false,,,Neem,Azadirachta indica,Neem,Plantae,319135
327326002,5765b1ca-3dfa-4ffd-8348-d26f86583826,https://inaturalist-open-data.s3.amazonaws.com/photos/592990361/medium.jpg,,"Prem Villa, Chandsen, Rajasthan 304501, India",26.3122848,75.4510413,200,,,,200,,open,false,,,Neem,Azadirachta indica,Neem,Plantae,319135
327327846,42b20fa9-99af-4a8b-b208-4fa338deab19,https://inaturalist-open-data.s3.amazonaws.com/photos/592994020/medium.jpg,,"Bhagwan Pura Road Chandsen Village, Malpura, Rajasthan 304501, India",26.310307,75.4588591,28,,,,28,,open,false,,,Neem,Azadirachta indica,Neem,Plantae,319135
327327882,b46241b9-2fed-4f6f-8cd8-a58a1a4cf977,https://inaturalist-open-data.s3.amazonaws.com/photos/592994130/medium.jpg,,"Bhagwan Pura Road Chandsen Village, Malpura, Rajasthan 304501, India",26.31025755,75.45860321,4,,,,4,,open,false,,,Neem,Azadirachta indica,Neem,Plantae,319135
327341738,a95b14ae-a829-4cb5-9f82-271e1d61ea8a,https://inaturalist-open-data.s3.amazonaws.com/photos/593022466/medium.jpg,,"Utsav Camp Sariska, Village Murlipura, Tehla, Talab, Rajasthan 301410, India",27.2596149444,76.46115875,,,,,,,open,false,gps,gps,Neem,Azadirachta indica,Neem,Plantae,319135
327362195,021b90a8-0149-4e79-a121-349793cec542,https://inaturalist-open-data.s3.amazonaws.com/photos/593061536/medium.jpg,,"Utsav Camp Sariska, Village Murlipura, Tehla, Talab, Rajasthan 301410, India",27.2597598889,76.4621353056,,,,,,,open,false,gps,gps,Neem,Azadirachta indica,Neem,Plantae,319135
327362350,ded40a97-7077-4772-947f-8861bb4d2e84,https://inaturalist-open-data.s3.amazonaws.com/photos/593061820/medium.jpg,,"Utsav Camp Sariska, Village Murlipura, Tehla, Talab, Rajasthan 301410, India",27.2598361944,76.46224975,,,,,,,open,false,gps,gps,Neem,Azadirachta indica,Neem,Plantae,319135
329031315,d3119372-80a0-4659-9f7a-f87f98ca4155,https://static.inaturalist.org/photos/596349475/medium.jpg,,"Kherla, Rajasthan, India",27.3330598521,76.645726964,41,,,,41,,open,false,,,Neem,Azadirachta indica,Neem,Plantae,319135
329680927,594cec97-30b4-407f-a594-0b853a7ce88f,https://inaturalist-open-data.s3.amazonaws.com/photos/597653369/medium.jpg,,"Kota Division, Rajasthan, India",25.1930327396,75.7932609782,61,,,,61,,open,false,,,Neem,Azadirachta indica,Neem,Plantae,319135
331656336,ab94af37-ff78-4aed-ab02-8f0f53787d4e,https://inaturalist-open-data.s3.amazonaws.com/photos/601705551/medium.jpg,,"72X9+7CX, Sodagaran Mohalla, Jodhpur, Rajasthan 342001, India",26.2983628707,73.0184063315,111,,,,111,,open,false,gps,gps,Neem,Azadirachta indica,Neem,Plantae,319135
335942446,131df4ce-5ef8-4965-92bc-1822351865c9,https://inaturalist-open-data.s3.amazonaws.com/photos/610388899/medium.jpg,,"Ajmer, Rajasthan, IN",26.623505,75.0319833333,4,,,,4,,open,false,,,Neem,Azadirachta indica,Neem,Plantae,319135
335953655,e10beeec-e740-4f85-a069-538f73207003,https://inaturalist-open-data.s3.amazonaws.com/photos/610409077/medium.jpg,"Found the root exposed at the edge of the slope, hanging from a single medium-thick root, likely disturbed by some animal.

Placed soil back around it and provided temporary support using a discarded beer bottle nearby.

🌱 

Similar case observed in the same vicinity: https://www.inaturalist.org/observations/338827899","Ajmer, Rajasthan, IN",26.623945,75.0320971667,3,,,,3,,open,false,,,Neem,Azadirachta indica,Neem,Plantae,319135
336228155,bd54ba9e-0984-4e56-a828-0d56ae2f7b54,https://inaturalist-open-data.s3.amazonaws.com/photos/610953718/medium.jpg,,"Mehrana, Rajasthan, India",25.2338122222,75.839805,,,,,,,open,false,,,Neem,Azadirachta indica,Neem,Plantae,319135
337079306,d8b419cf-273a-45c7-a17a-29856b5943ba,https://inaturalist-open-data.s3.amazonaws.com/photos/612685495/medium.jpg,,"Sabalpura, Rajasthan 324010, India",24.9339275,75.7616775,,,,,,,open,false,,,Neem,Azadirachta indica,Neem,Plantae,319135
337542774,b2339481-5f19-4088-a12e-752a720bf4df,https://inaturalist-open-data.s3.amazonaws.com/photos/613633095/medium.jpg,,"Ajmer, Rajasthan, IN",26.6182716667,75.0311361667,4,,,,4,,open,false,,,Neem,Azadirachta indica,Neem,Plantae,319135
337912828,8d024587-abcd-44d0-a6e3-8f19dd19b118,https://inaturalist-open-data.s3.amazonaws.com/photos/614391781/medium.jpg,,"Samadpuriya, Rajasthan 323602, India",25.3471974937,76.0183266741,31,,,,31,,open,false,,,Neem,Azadirachta indica,Neem,Plantae,319135
337912837,bd64b0c3-ed42-46de-bad9-b43615f2d896,https://inaturalist-open-data.s3.amazonaws.com/photos/614391868/medium.jpg,,"Samadpuriya, Rajasthan 323602, India",25.3473734556,76.0181124956,31,,,,31,,open,false,,,Neem,Azadirachta indica,Neem,Plantae,319135
337948620,f9fb3da2-7f32-489a-b23c-8115f6f1b0f9,https://inaturalist-open-data.s3.amazonaws.com/photos/614468856/medium.jpg,,"Ajmer, Rajasthan, IN",26.6295533333,75.0207445,4,,,,4,,open,false,,,Neem,Azadirachta indica,Neem,Plantae,319135
337958198,445096d6-6bc1-49c9-b086-c80f7e704942,https://inaturalist-open-data.s3.amazonaws.com/photos/614487306/medium.jpg,,"Ajmer, Rajasthan, IN",26.6256216667,75.0353388333,4,,,,4,,open,false,,,Neem,Azadirachta indica,Neem,Plantae,319135
338439101,8815da08-95dc-44e9-b992-6cf7357b67b6,https://inaturalist-open-data.s3.amazonaws.com/photos/615479269/medium.jpg,,"Ajmer, Rajasthan, IN",26.630755,75.0234221667,3,,,,3,,open,false,,,Neem,Azadirachta indica,Neem,Plantae,319135
338684044,0d657939-6e58-4661-b52b-f3597bbe8b2a,https://inaturalist-open-data.s3.amazonaws.com/photos/615969684/medium.jpg,,"Beawar, Rajasthan, IN",26.1101310002,74.0202934575,5,,,,5,,open,false,,,Neem,Azadirachta indica,Neem,Plantae,319135
338701815,2dbf57ef-3e41-4edd-9047-29d32c440460,https://inaturalist-open-data.s3.amazonaws.com/photos/616003905/medium.jpg,,"Kota Division, Rajasthan, India",25.1825304346,75.8011547975,122,,,,122,,open,false,,,Neem,Azadirachta indica,Neem,Plantae,319135
339172477,796c9de1-11b7-49a1-ae3b-d4a04fe627c5,https://inaturalist-open-data.s3.amazonaws.com/photos/616942961/medium.jpg,,"4R5F+H48, Anandpura at, Rajasthan 324005, India",25.1090111111,75.8236666667,,,,,,,open,false,gps,gps,Neem,Azadirachta indica,Neem,Plantae,319135
340118444,1565c726-04ce-47bc-9095-2bf3b635633b,https://inaturalist-open-data.s3.amazonaws.com/photos/618878641/medium.jpg,,"Village Murlipura, Tehla, Talab, Rajasthan 301410, India",27.2596233333,76.460635,15,,,,15,,open,false,,,Neem,Azadirachta indica,Neem,Plantae,319135
